<?xml version="1.0" encoding="UTF-8"?>
<project name="sshdo" default="all">
  
  
  <property file="sshdo.properties"/>
  <!-- Uncomment the following property if no tests compilation is needed -->
  <!-- 
  <property name="skip.tests" value="true"/>
   -->
  
  <!-- Compiler options -->
  
  <property name="compiler.debug" value="on"/>
  <property name="compiler.generate.no.warnings" value="off"/>
  <property name="compiler.args" value=""/>
  <property name="compiler.max.memory" value="700m"/>
  <patternset id="ignored.files">
    <exclude name="**/CVS/**"/>
    <exclude name="**/SCCS/**"/>
    <exclude name="**/RCS/**"/>
    <exclude name="**/rcs/**"/>
    <exclude name="**/.DS_Store/**"/>
    <exclude name="**/.svn/**"/>
    <exclude name="**/.pyc/**"/>
    <exclude name="**/.pyo/**"/>
    <exclude name="**/*.pyc/**"/>
    <exclude name="**/*.pyo/**"/>
    <exclude name="**/.git/**"/>
    <exclude name="**/*.hprof/**"/>
    <exclude name="**/_svn/**"/>
    <exclude name="**/.hg/**"/>
    <exclude name="**/*.lib/**"/>
    <exclude name="**/*~/**"/>
    <exclude name="**/__pycache__/**"/>
    <exclude name="**/.bundle/**"/>
    <exclude name="**/*.rbc/**"/>
  </patternset>
  <patternset id="library.patterns">
    <include name="*.zip"/>
    <include name="*.apk"/>
    <include name="*.war"/>
    <include name="*.egg"/>
    <include name="*.ear"/>
    <include name="*.ane"/>
    <include name="*.swc"/>
    <include name="*.jar"/>
  </patternset>
  <patternset id="compiler.resources">
    <exclude name="**/?*.java"/>
    <exclude name="**/?*.form"/>
    <exclude name="**/?*.class"/>
    <exclude name="**/?*.groovy"/>
    <exclude name="**/?*.scala"/>
    <exclude name="**/?*.flex"/>
    <exclude name="**/?*.kt"/>
    <exclude name="**/?*.clj"/>
  </patternset>
  
  <!-- JDK definitions -->
  
  <property name="jdk.bin.1.6" value="${jdk.home.1.6}/bin"/>
  <path id="jdk.classpath.1.6">
    <fileset dir="${jdk.home.1.6}">
      <include name="lib/deploy.jar"/>
      <include name="lib/dt.jar"/>
      <include name="lib/javaws.jar"/>
      <include name="lib/jce.jar"/>
      <include name="lib/jconsole.jar"/>
      <include name="lib/management-agent.jar"/>
      <include name="lib/plugin.jar"/>
      <include name="lib/sa-jdi.jar"/>
      <include name="../Classes/charsets.jar"/>
      <include name="../Classes/classes.jar"/>
      <include name="../Classes/jsse.jar"/>
      <include name="../Classes/ui.jar"/>
      <include name="lib/ext/apple_provider.jar"/>
      <include name="lib/ext/dnsns.jar"/>
      <include name="lib/ext/localedata.jar"/>
      <include name="lib/ext/sunjce_provider.jar"/>
      <include name="lib/ext/sunpkcs11.jar"/>
    </fileset>
  </path>
  
  <property name="project.jdk.home" value="${jdk.home.1.6}"/>
  <property name="project.jdk.bin" value="${jdk.bin.1.6}"/>
  <property name="project.jdk.classpath" value="jdk.classpath.1.6"/>
  <!-- Register Custom Compiler Taskdefs -->
  <property name="javac2.home" value="${idea.home}/lib"/>
  <path id="javac2.classpath">
    <pathelement location="${javac2.home}/javac2.jar"/>
    <pathelement location="${javac2.home}/jdom.jar"/>
    <pathelement location="${javac2.home}/asm4-all.jar"/>
    <pathelement location="${javac2.home}/jgoodies-forms.jar"/>
  </path>
  <target name="register.custom.compilers">
    <taskdef name="javac2" classname="com.intellij.ant.Javac2" classpathref="javac2.classpath"/>
    <taskdef name="instrumentIdeaExtensions" classname="com.intellij.ant.InstrumentIdeaExtensions" classpathref="javac2.classpath"/>
  </target>
  
  <!-- Modules -->
  
  
  <!-- Module SSHDo -->
  
  <dirname property="module.sshdo.basedir" file="${ant.file}"/>
  
  
  <property name="module.jdk.home.sshdo" value="${project.jdk.home}"/>
  <property name="module.jdk.bin.sshdo" value="${project.jdk.bin}"/>
  <property name="module.jdk.classpath.sshdo" value="${project.jdk.classpath}"/>
  
  <property name="compiler.args.sshdo" value="-encoding UTF-8 -source 1.6 ${compiler.args}"/>
  
  <property name="sshdo.output.dir" value="${module.sshdo.basedir}/out/production/SSHDo"/>
  <property name="sshdo.testoutput.dir" value="${module.sshdo.basedir}/out/test/SSHDo"/>
  
  <path id="sshdo.module.bootclasspath">
    <!-- Paths to be included in compilation bootclasspath -->
  </path>
  
  <path id="sshdo.module.production.classpath">
    <path refid="${module.jdk.classpath.sshdo}"/>
  </path>
  
  <path id="sshdo.runtime.production.module.classpath">
    <pathelement location="${sshdo.output.dir}"/>
  </path>
  
  <path id="sshdo.module.classpath">
    <path refid="${module.jdk.classpath.sshdo}"/>
    <pathelement location="${sshdo.output.dir}"/>
  </path>
  
  <path id="sshdo.runtime.module.classpath">
    <pathelement location="${sshdo.testoutput.dir}"/>
    <pathelement location="${sshdo.output.dir}"/>
  </path>
  
  
  <patternset id="excluded.from.module.sshdo">
    <patternset refid="ignored.files"/>
  </patternset>
  
  <patternset id="excluded.from.compilation.sshdo">
    <patternset refid="excluded.from.module.sshdo"/>
  </patternset>
  
  <path id="sshdo.module.sourcepath">
    <dirset dir="${module.sshdo.basedir}">
      <include name="src"/>
    </dirset>
  </path>
  
  
  <target name="compile.module.sshdo" depends="compile.module.sshdo.production,compile.module.sshdo.tests" description="Compile module SSHDo"/>
  
  <target name="compile.module.sshdo.production" depends="register.custom.compilers" description="Compile module SSHDo; production classes">
    <mkdir dir="${sshdo.output.dir}"/>
    <javac2 destdir="${sshdo.output.dir}" debug="${compiler.debug}" nowarn="${compiler.generate.no.warnings}" memorymaximumsize="${compiler.max.memory}" fork="true" executable="${module.jdk.bin.sshdo}/javac">
      <compilerarg line="${compiler.args.sshdo}"/>
      <bootclasspath refid="sshdo.module.bootclasspath"/>
      <classpath refid="sshdo.module.production.classpath"/>
      <src refid="sshdo.module.sourcepath"/>
      <patternset refid="excluded.from.compilation.sshdo"/>
    </javac2>
    
    <copy todir="${sshdo.output.dir}">
      <fileset dir="${module.sshdo.basedir}/src">
        <patternset refid="compiler.resources"/>
        <type type="file"/>
      </fileset>
    </copy>
  </target>
  
  <target name="compile.module.sshdo.tests" depends="register.custom.compilers,compile.module.sshdo.production" description="compile module SSHDo; test classes" unless="skip.tests"/>
  
  <target name="clean.module.sshdo" description="cleanup module">
    <delete dir="${sshdo.output.dir}"/>
    <delete dir="${sshdo.testoutput.dir}"/>
  </target>
  
  <target name="init" description="Build initialization">
    <!-- Perform any build initialization in this target -->
  </target>
  
  <target name="clean" depends="clean.module.sshdo" description="cleanup all"/>
  
  <target name="build.modules" depends="init, clean, compile.module.sshdo" description="build all modules"/>
  
  <target name="all" depends="build.modules" description="build all"/>
</project>